"","sequence_id","timestamp","first_analysis"
"1","87d28a20-cb8f-4aac-a3ec-c11931ea4700",636583527529040640,2018-04-03 11:50:08
"2","18b4a490-e903-4172-a794-f829a3416526",636583532508248704,2018-04-03 11:57:27
"3","e834936f-6f49-4d84-a3da-bf8640dfaa18",636583620119675264,2018-04-03 14:24:44
"4","076b7778-5922-42cb-a185-035deeb9e3a0",636583629461627392,2018-04-03 14:39:26
"5","5020dc7f-97a6-4276-8ce8-a2d0818cf562",636583639616867456,2018-04-03 14:56:15
"6","cf0f96f8-a0dd-44e9-a15d-993b7d5c1834",636583666169027584,2018-04-03 15:40:37
"7","e412f327-3479-4bd1-8975-7bc9c7a12042",636583749734024064,2018-04-03 18:01:27
"8","b0454b64-1995-4d05-8687-4164b956dda1",636583833493856640,2018-04-03 20:20:54
"9","d0cddbc7-4d32-488a-8952-1e5dd8b0c9e8",636583917036381184,2018-04-03 22:40:10
"10","f38ce43a-2203-4e49-b25e-aa9872c256ea",636584000270025728,2018-04-04 00:58:57
"11","5b075845-2503-470c-9127-577ba8bf7ab0",636584333029101824,2018-04-04 10:13:14
"12","a2133ee7-2054-401c-bae5-8c48c68c3e37",636584368212426112,2018-04-04 11:12:44
"13","9405e5cf-dee0-4f5d-a5b9-ae076f31b5c8",636585295224467968,2018-04-05 12:55:39
"14","136c6673-7256-487f-880b-f80cb399e28c",636585307253700096,2018-04-05 13:15:36
